{
  "fx": 2252.308217738484,
  "fy": 2252.308217738484,
  "cx": 1352.0,
  "cy": 900.0,
  "width": 2704,
  "height": 1800
}